{
"lengthUnit": "mil",
"components": {
	"fields": ["COMPONENT_NO", "COMPONENT_NAME", "LAYER", "X_COORDINATE", "Y_COORDINATE", "ANGLE"],
	"rows": [
		[1, "C2", "T", 0, 300, 270],
		[2, "C1", "T", 200, 300, 270],
		[3, "R1", "T", -200, 300, 270],
		[4, "U1", "T", 0, 0, 0],
		[5, "CN1", "T", 0, -300, 0],
		[6, "LED1", "B", 0, 400, 180]
	]
},
"pins": {
	"fields": ["PIN_NO", "PIN_NAME", "PIN_X", "PIN_Y", "LAYER", "PIN_TYPE", "NET_NAME", "NET_TYPE", "PAD_SHAPE", "PAD_SIZEX", "PAD_SIZEY", "HOLE_SIZE"],
	"rows": [
		[1, "C2_2", 0, 260.63, "T", "SMD", "VDD", "", "R", 55.51, 53.15, 0],
		[2, "C2_1", 0, 339.37, "T", "SMD", "GND", "GND", "R", 55.51, 53.15, 0],
		[3, "C1_2", 200, 260.63, "T", "SMD", "$2N5873", "", "R", 55.51, 53.15, 0],
		[4, "C1_1", 200, 339.37, "T", "SMD", "GND", "GND", "R", 55.51, 53.15, 0],
		[5, "R1_2", -200, 260.63, "T", "SMD", "VDD", "", "R", 44.59, 54.21, 0],
		[6, "R1_1", -200, 339.37, "T", "SMD", "$2N6713", "", "R", 44.59, 54.21, 0],
		[7, "U1_1", -252.95, 98.43, "T", "DIP", "GND", "GND", "C", 60, 60, 36],
		[8, "U1_1", -252.95, 98.43, "B", "DIP", "GND", "GND", "C", 60, 60, 36],
		[9, "U1_2", -252.95, 19.68, "T", "DIP", "OPT_INT", "", "C", 60, 60, 36],
		[10, "U1_2", -252.95, 19.68, "B", "DIP", "OPT_INT", "", "C", 60, 60, 36],
		[11, "U1_3", -252.95, -59.06, "T", "DIP", "OPT_SDA", "", "C", 60, 60, 36],
		[12, "U1_3", -252.95, -59.06, "B", "DIP", "OPT_SDA", "", "C", 60, 60, 36],
		[13, "U1_4", -252.95, -137.8, "T", "DIP", "OPT_SCL", "", "C", 60, 60, 36],
		[14, "U1_4", -252.95, -137.8, "B", "DIP", "OPT_SCL", "", "C", 60, 60, 36],
		[15, "U1_5", 252.95, -98.43, "T", "DIP", "$2N6711", "", "C", 60, 60, 36],
		[16, "U1_5", 252.95, -98.43, "B", "DIP", "$2N6711", "", "C", 60, 60, 36],
		[17, "U1_6", 252.95, -19.68, "T", "DIP", "GND", "GND", "C", 60, 60, 36],
		[18, "U1_6", 252.95, -19.68, "B", "DIP", "GND", "GND", "C", 60, 60, 36],
		[19, "U1_7", 252.95, 59.06, "T", "DIP", "VDD", "", "C", 60, 60, 36],
		[20, "U1_7", 252.95, 59.06, "B", "DIP", "VDD", "", "C", 60, 60, 36],
		[21, "U1_8", 252.95, 137.8, "T", "DIP", "$2N5873", "", "C", 60, 60, 36],
		[22, "U1_8", 252.95, 137.8, "B", "DIP", "$2N5873", "", "C", 60, 60, 36],
		[23, "CN1_5", 98.43, -300, "T", "DIP", "GND", "GND", "C", 39.37, 39.37, 23.62],
		[24, "CN1_5", 98.43, -300, "B", "DIP", "GND", "GND", "C", 39.37, 39.37, 23.62],
		[25, "CN1_4", 49.22, -300, "T", "DIP", "OPT_SCL", "", "C", 39.37, 39.37, 23.62],
		[26, "CN1_4", 49.22, -300, "B", "DIP", "OPT_SCL", "", "C", 39.37, 39.37, 23.62],
		[27, "CN1_3", 0.01, -300, "T", "DIP", "OPT_SDA", "", "C", 39.37, 39.37, 23.62],
		[28, "CN1_3", 0.01, -300, "B", "DIP", "OPT_SDA", "", "C", 39.37, 39.37, 23.62],
		[29, "CN1_2", -49.22, -300, "T", "DIP", "OPT_INT", "", "C", 39.37, 39.37, 23.62],
		[30, "CN1_2", -49.22, -300, "B", "DIP", "OPT_INT", "", "C", 39.37, 39.37, 23.62],
		[31, "CN1_1", -98.43, -300, "T", "DIP", "VDD", "", "R", 39.37, 39.37, 23.62],
		[32, "CN1_1", -98.43, -300, "B", "DIP", "VDD", "", "R", 39.37, 39.37, 23.62],
		[33, "LED1_1", -58.76, 400, "B", "SMD", "$2N6713", "", "R", 58.47, 63.78, 0],
		[34, "LED1_2", 58.76, 400, "B", "SMD", "$2N6711", "", "R", 58.47, 63.78, 0]
	]
}
}