{
"lengthUnit": "mil",
"components": {
	"fields": ["COMPONENT_NO", "COMPONENT_NAME", "LAYER", "X_COORDINATE", "Y_COORDINATE", "ANGLE"],
	"rows": [
		[1, "FPC2", "T", 0, 150, 0],
		[2, "FPC3", "T", 0, -150, 0]
	]
},
"pins": {
	"fields": ["PIN_NO", "PIN_NAME", "PIN_X", "PIN_Y", "LAYER", "PIN_TYPE", "NET_NAME", "NET_TYPE", "PAD_SHAPE", "PAD_SIZEX", "PAD_SIZEY", "HOLE_SIZE", "PAD_ANGLE"],
	"rows": [
		[1, "FPC2_1", -147.72, 97.24, "T", "SMD", "GND", "GND", "R", 11.81, 51.18, 0, 0],
		[2, "FPC2_2", -128.12, 97.3, "T", "SMD", "DVP_D0", "", "R", 11.81, 51.18, 0, 0],
		[3, "FPC2_3", -108.34, 97.24, "T", "SMD", "DVP_D1", "", "R", 11.81, 51.18, 0, 0],
		[4, "FPC2_4", -88.67, 97.24, "T", "SMD", "DVP_D2", "", "R", 11.81, 51.18, 0, 0],
		[5, "FPC2_5", -68.97, 97.24, "T", "SMD", "DVP_D3", "", "R", 11.81, 51.18, 0, 0],
		[6, "FPC2_6", -49.3, 97.24, "T", "SMD", "DVP_D4", "", "R", 11.81, 51.18, 0, 0],
		[7, "FPC2_7", -29.61, 97.24, "T", "SMD", "DVP_D5", "", "R", 11.81, 51.18, 0, 0],
		[8, "FPC2_8", -9.93, 97.24, "T", "SMD", "DVP_D6", "", "R", 11.81, 51.18, 0, 0],
		[9, "FPC2_9", 9.77, 97.24, "T", "SMD", "DVP_D7", "", "R", 11.81, 51.18, 0, 0],
		[10, "FPC2_10", 29.45, 97.24, "T", "SMD", "GND", "GND", "R", 11.81, 51.18, 0, 0],
		[11, "FPC2_11", 49.13, 97.24, "T", "SMD", "DVP_PCLK", "", "R", 11.81, 51.18, 0, 0],
		[12, "FPC2_12", 68.81, 97.24, "T", "SMD", "DVP_VSYNC", "", "R", 11.81, 51.18, 0, 0],
		[13, "FPC2_13", 88.5, 97.24, "T", "SMD", "DVP_HREF", "", "R", 11.81, 51.18, 0, 0],
		[14, "FPC2_14", 108.19, 97.24, "T", "SMD", "VDD", "", "R", 11.81, 51.18, 0, 0],
		[15, "FPC2_15", 127.88, 97.24, "T", "SMD", "SCCB_SCL", "", "R", 11.81, 51.18, 0, 0],
		[16, "FPC2_16", 147.56, 97.24, "T", "SMD", "SCCB_SDA", "", "R", 11.81, 51.18, 0, 0],
		[17, "FPC2_17", -214.56, 202.75, "T", "SMD", "FPC2_17", "", "R", 62.99, 78.74, 0, 270],
		[18, "FPC2_18", 214.56, 202.75, "T", "SMD", "FPC2_18", "", "R", 62.99, 78.74, 0, 270],
		[19, "FPC3_1", -187.01, -99.31, "T", "SMD", "FPC3_1", "", "R", 11.81, 49.21, 0, 0],
		[20, "FPC3_2", -167.32, -99.31, "T", "SMD", "FPC3_2", "", "R", 11.81, 49.21, 0, 0],
		[21, "FPC3_3", -147.64, -99.31, "T", "SMD", "FPC3_3", "", "R", 11.81, 49.21, 0, 0],
		[22, "FPC3_4", -127.95, -99.31, "T", "SMD", "FPC3_4", "", "R", 11.81, 49.21, 0, 0],
		[23, "FPC3_5", -108.27, -99.31, "T", "SMD", "DVP_D0", "", "R", 11.81, 49.21, 0, 0],
		[24, "FPC3_6", -88.58, -99.31, "T", "SMD", "DVP_D1", "", "R", 11.81, 49.21, 0, 0],
		[25, "FPC3_7", -68.9, -99.31, "T", "SMD", "DVP_D2", "", "R", 11.81, 49.21, 0, 0],
		[26, "FPC3_8", -49.21, -99.31, "T", "SMD", "DVP_D3", "", "R", 11.81, 49.21, 0, 0],
		[27, "FPC3_9", -29.53, -99.31, "T", "SMD", "DVP_D4", "", "R", 11.81, 49.21, 0, 0],
		[28, "FPC3_10", -9.84, -99.31, "T", "SMD", "DVP_D5", "", "R", 11.81, 49.21, 0, 0],
		[29, "FPC3_11", 9.84, -99.31, "T", "SMD", "DVP_D6", "", "R", 11.81, 49.21, 0, 0],
		[30, "FPC3_12", 29.53, -99.31, "T", "SMD", "DVP_D7", "", "R", 11.81, 49.21, 0, 0],
		[31, "FPC3_13", 49.21, -99.31, "T", "SMD", "SCCB_SDA", "", "R", 11.81, 49.21, 0, 0],
		[32, "FPC3_14", 68.9, -99.31, "T", "SMD", "SCCB_SCL", "", "R", 11.81, 49.21, 0, 0],
		[33, "FPC3_15", 88.59, -99.31, "T", "SMD", "DVP_PCLK", "", "R", 11.81, 49.21, 0, 0],
		[34, "FPC3_16", 108.27, -99.31, "T", "SMD", "DVP_HREF", "", "R", 11.81, 49.21, 0, 0],
		[35, "FPC3_17", 127.96, -99.31, "T", "SMD", "GND", "GND", "R", 11.81, 49.21, 0, 0],
		[36, "FPC3_18", 147.64, -99.31, "T", "SMD", "DVP_VSYNC", "", "R", 11.81, 49.21, 0, 0],
		[37, "FPC3_19", 167.33, -99.31, "T", "SMD", "VDD", "", "R", 11.81, 49.21, 0, 0],
		[38, "FPC3_20", 187.01, -99.31, "T", "SMD", "GND", "GND", "R", 11.81, 49.21, 0, 0],
		[39, "FPC3_21", 253.54, -200.69, "T", "SMD", "FPC3_21", "", "R", 78.74, 98.42, 0, 0],
		[40, "FPC3_22", -253.54, -200.69, "T", "SMD", "FPC3_22", "", "R", 78.74, 98.42, 0, 0]
	]
}
}