{
"lengthUnit": "mil",
"components": {
	"fields": ["COMPONENT_NO", "COMPONENT_NAME", "LAYER", "X_COORDINATE", "Y_COORDINATE", "ANGLE"],
	"rows": [
		[1, "C1", "T", 225, 150, 270],
		[2, "C2", "T", -25, 75, 0],
		[3, "C3", "T", 100, -75, 180],
		[4, "C4", "T", 100, -125, 180],
		[5, "C5", "T", 100, -25, 180],
		[6, "C6", "T", -50, 25, 0],
		[7, "C7", "T", -200, -100, 270],
		[8, "C8", "T", -300, -150, 0],
		[9, "FPC1", "T", 0, -265, 180],
		[10, "FPC2", "T", 0, 250, 0],
		[11, "U1", "T", 125, 75, 90],
		[12, "X1", "T", -50, -75, 270]
	]
},
"pins": {
	"fields": ["PIN_NO", "PIN_NAME", "PIN_X", "PIN_Y", "LAYER", "PIN_TYPE", "NET_NAME", "NET_TYPE", "PAD_SHAPE", "PAD_SIZEX", "PAD_SIZEY", "HOLE_SIZE", "PAD_ANGLE"],
	"rows": [
		[1, "C1_1", 225, 171.46, "T", "SMD", "GND", "GND", "R", 31.11, 21.26, 0, 270],
		[2, "C1_2", 225, 128.54, "T", "SMD", "VDD", "", "R", 31.11, 21.26, 0, 270],
		[3, "C2_1", -46.46, 75, "T", "SMD", "GND", "GND", "R", 31.11, 21.26, 0, 0],
		[4, "C2_2", -3.54, 75, "T", "SMD", "VDD", "", "R", 31.11, 21.26, 0, 0],
		[5, "C3_1", 121.46, -75, "T", "SMD", "GND", "GND", "R", 31.11, 21.26, 0, 180],
		[6, "C3_2", 78.54, -75, "T", "SMD", "VDD1V3", "", "R", 31.11, 21.26, 0, 180],
		[7, "C4_1", 127.56, -125, "T", "SMD", "GND", "GND", "R", 31.5, 35.43, 0, 180],
		[8, "C4_2", 72.44, -125, "T", "SMD", "VDD1V3", "", "R", 31.5, 35.43, 0, 180],
		[9, "C5_1", 127.56, -25, "T", "SMD", "GND", "GND", "R", 31.5, 35.43, 0, 180],
		[10, "C5_2", 72.44, -25, "T", "SMD", "VDD1V3", "", "R", 31.5, 35.43, 0, 180],
		[11, "C6_1", -71.46, 25, "T", "SMD", "GND", "GND", "R", 31.11, 21.26, 0, 0],
		[12, "C6_2", -28.54, 25, "T", "SMD", "VDD", "", "R", 31.11, 21.26, 0, 0],
		[13, "C7_1", -200, -78.54, "T", "SMD", "GND", "GND", "R", 31.11, 21.26, 0, 270],
		[14, "C7_2", -200, -121.46, "T", "SMD", "OV_AFVCC", "", "R", 31.11, 21.26, 0, 270],
		[15, "C8_1", -321.46, -150, "T", "SMD", "GND", "GND", "R", 31.11, 21.26, 0, 0],
		[16, "C8_2", -278.54, -150, "T", "SMD", "OV_AFGND", "", "R", 31.11, 21.26, 0, 0],
		[17, "FPC1_1", 226.3, -213.79, "T", "SMD", "OV_STROBE", "", "R", 11.81, 51.18, 0, 180],
		[18, "FPC1_2", 206.61, -213.79, "T", "SMD", "GND", "GND", "R", 11.81, 51.18, 0, 180],
		[19, "FPC1_3", 186.93, -213.79, "T", "SMD", "OV_SDA", "", "R", 11.81, 51.18, 0, 180],
		[20, "FPC1_4", 167.24, -213.79, "T", "SMD", "VDD", "", "R", 11.81, 51.18, 0, 180],
		[21, "FPC1_5", 147.56, -213.79, "T", "SMD", "OV_SCL", "", "R", 11.81, 51.18, 0, 180],
		[22, "FPC1_6", 127.87, -213.79, "T", "SMD", "OV_RESET", "", "R", 11.81, 51.18, 0, 180],
		[23, "FPC1_7", 108.19, -213.79, "T", "SMD", "DVP_VSYNC", "", "R", 11.81, 51.18, 0, 180],
		[24, "FPC1_8", 88.5, -213.79, "T", "SMD", "OV_PWDN", "", "R", 11.81, 51.18, 0, 180],
		[25, "FPC1_9", 68.82, -213.79, "T", "SMD", "DVP_HREF", "", "R", 11.81, 51.18, 0, 180],
		[26, "FPC1_10", 49.13, -213.79, "T", "SMD", "VDD1V3", "", "R", 11.81, 51.18, 0, 180],
		[27, "FPC1_11", 29.45, -213.79, "T", "SMD", "VDD", "", "R", 11.81, 51.18, 0, 180],
		[28, "FPC1_12", 9.76, -213.79, "T", "SMD", "DVP_D7", "", "R", 11.81, 51.18, 0, 180],
		[29, "FPC1_13", -9.92, -213.79, "T", "SMD", "OV_XCLK", "", "R", 11.81, 51.18, 0, 180],
		[30, "FPC1_14", -29.61, -213.79, "T", "SMD", "DVP_D6", "", "R", 11.81, 51.18, 0, 180],
		[31, "FPC1_15", -49.29, -213.79, "T", "SMD", "GND", "GND", "R", 11.81, 51.18, 0, 180],
		[32, "FPC1_16", -68.98, -213.79, "T", "SMD", "DVP_D5", "", "R", 11.81, 51.18, 0, 180],
		[33, "FPC1_17", -88.66, -213.79, "T", "SMD", "DVP_PCLK", "", "R", 11.81, 51.18, 0, 180],
		[34, "FPC1_18", -108.35, -213.79, "T", "SMD", "DVP_D4", "", "R", 11.81, 51.18, 0, 180],
		[35, "FPC1_19", -128.03, -213.79, "T", "SMD", "DVP_D0", "", "R", 11.81, 51.18, 0, 180],
		[36, "FPC1_20", -147.72, -213.79, "T", "SMD", "DVP_D3", "", "R", 11.81, 51.18, 0, 180],
		[37, "FPC1_21", -167.4, -213.79, "T", "SMD", "DVP_D1", "", "R", 11.81, 51.18, 0, 180],
		[38, "FPC1_22", -187.09, -213.79, "T", "SMD", "DVP_D2", "", "R", 11.81, 51.18, 0, 180],
		[39, "FPC1_23", -206.77, -213.79, "T", "SMD", "OV_AFVCC", "", "R", 11.81, 51.18, 0, 180],
		[40, "FPC1_24", -226.46, -213.79, "T", "SMD", "OV_AFGND", "", "R", 11.81, 51.18, 0, 180],
		[41, "FPC1_25", -293.31, -316.21, "T", "SMD", "GND", "GND", "R", 62.99, 78.74, 0, 90],
		[42, "FPC1_26", 293.31, -316.21, "T", "SMD", "GND", "GND", "R", 62.99, 78.74, 0, 90],
		[43, "FPC2_1", -147.72, 197.25, "T", "SMD", "GND", "GND", "R", 11.81, 51.18, 0, 0],
		[44, "FPC2_2", -128.12, 197.31, "T", "SMD", "DVP_D0", "", "R", 11.81, 51.18, 0, 0],
		[45, "FPC2_3", -108.34, 197.25, "T", "SMD", "DVP_D1", "", "R", 11.81, 51.18, 0, 0],
		[46, "FPC2_4", -88.67, 197.25, "T", "SMD", "DVP_D2", "", "R", 11.81, 51.18, 0, 0],
		[47, "FPC2_5", -68.97, 197.25, "T", "SMD", "DVP_D3", "", "R", 11.81, 51.18, 0, 0],
		[48, "FPC2_6", -49.3, 197.25, "T", "SMD", "DVP_D4", "", "R", 11.81, 51.18, 0, 0],
		[49, "FPC2_7", -29.61, 197.25, "T", "SMD", "DVP_D5", "", "R", 11.81, 51.18, 0, 0],
		[50, "FPC2_8", -9.93, 197.25, "T", "SMD", "DVP_D6", "", "R", 11.81, 51.18, 0, 0],
		[51, "FPC2_9", 9.77, 197.25, "T", "SMD", "DVP_D7", "", "R", 11.81, 51.18, 0, 0],
		[52, "FPC2_10", 29.45, 197.25, "T", "SMD", "GND", "GND", "R", 11.81, 51.18, 0, 0],
		[53, "FPC2_11", 49.13, 197.25, "T", "SMD", "DVP_PCLK", "", "R", 11.81, 51.18, 0, 0],
		[54, "FPC2_12", 68.81, 197.25, "T", "SMD", "DVP_VSYNC", "", "R", 11.81, 51.18, 0, 0],
		[55, "FPC2_13", 88.5, 197.25, "T", "SMD", "DVP_HREF", "", "R", 11.81, 51.18, 0, 0],
		[56, "FPC2_14", 108.19, 197.25, "T", "SMD", "VDD", "", "R", 11.81, 51.18, 0, 0],
		[57, "FPC2_15", 127.88, 197.25, "T", "SMD", "OV_SCL", "", "R", 11.81, 51.18, 0, 0],
		[58, "FPC2_16", 147.56, 197.25, "T", "SMD", "OV_SDA", "", "R", 11.81, 51.18, 0, 0],
		[59, "FPC2_17", -214.56, 302.75, "T", "SMD", "GND", "GND", "R", 62.99, 78.74, 0, 270],
		[60, "FPC2_18", 214.56, 302.75, "T", "SMD", "GND", "GND", "R", 62.99, 78.74, 0, 270],
		[61, "U1_1", 170.42, 37.6, "T", "SMD", "VDD", "", "R", 19.29, 45.55, 0, 90],
		[62, "U1_2", 170.42, 75, "T", "SMD", "GND", "GND", "R", 19.29, 45.55, 0, 90],
		[63, "U1_3", 170.42, 112.4, "T", "SMD", "VDD", "", "R", 19.29, 45.55, 0, 90],
		[64, "U1_4", 79.58, 112.4, "T", "SMD", "U1_4", "", "R", 19.29, 46.26, 0, 90],
		[65, "U1_5", 79.58, 37.6, "T", "SMD", "VDD1V3", "", "R", 19.29, 46.26, 0, 90],
		[66, "X1_1", -84.45, -31.69, "T", "SMD", "VDD", "", "R", 55.12, 47.24, 0, 270],
		[67, "X1_2", -84.45, -118.31, "T", "SMD", "GND", "GND", "R", 55.12, 47.24, 0, 270],
		[68, "X1_3", -15.55, -118.31, "T", "SMD", "OV_XCLK", "", "R", 55.12, 47.24, 0, 270],
		[69, "X1_4", -15.55, -31.69, "T", "SMD", "VDD", "", "R", 55.12, 47.24, 0, 270]
	]
}
}