{
"lengthUnit": "mil",
"components": {
	"fields": ["COMPONENT_NO", "COMPONENT_NAME", "LAYER", "X_COORDINATE", "Y_COORDINATE", "ANGLE"],
	"rows": [
		[1, "ANT1", "T", 640, 755, 0],
		[2, "C1", "T", -375, -1600, 90],
		[3, "C2", "T", -450, -1100, 0],
		[4, "C3", "T", -90, -885, 270],
		[5, "C4", "T", 130, -885, 90],
		[6, "C5", "T", -175, -875, 270],
		[7, "C6", "T", 325, -1600, 180],
		[8, "C7", "T", 1075, -1100, 90],
		[9, "C10", "T", 300, -1700, 0],
		[10, "C9", "T", 300, -1660, 0],
		[11, "C11", "T", -700, -1250, 90],
		[12, "C37", "T", -850, -1075, 180],
		[13, "C12", "T", 800, -575, 180],
		[14, "C14", "T", 575, -1000, 0],
		[15, "C15", "T", 980, -1150, 90],
		[16, "C17", "T", 760, -1150, 270],
		[17, "C19", "T", 1075, -650, 270],
		[18, "C20", "T", 1000, 100, 210],
		[19, "C21", "T", 830, 175, 180],
		[20, "C22", "T", 815, 225, 0],
		[21, "C23", "T", 650, 600, 180],
		[22, "C24", "T", -225, -2000, 180],
		[23, "C25", "T", -225, -1950, 180],
		[24, "C26", "T", 995, 185, 30],
		[25, "C27", "T", 1045, 330, 120],
		[26, "C28", "T", 125, -2000, 180],
		[27, "C29", "T", 125, -1950, 180],
		[28, "C30", "T", -750, 450, 315],
		[29, "C31", "T", -800, 400, 315],
		[30, "C32", "T", -530, -710, 45],
		[31, "C33", "T", 400, -1050, 270],
		[32, "C34", "T", -600, -1050, 180],
		[33, "C35", "T", -225, -875, 90],
		[34, "C36", "T", -725, -1150, 180],
		[35, "C8", "T", 200, -900, 90],
		[36, "FPC2", "T", 0, -1800, 0],
		[37, "H1", "T", 600, -1500, 180],
		[38, "H2", "T", 625, -575, 225],
		[39, "L1", "T", 850, -25, 90],
		[40, "L2", "T", -875, -1175, 0],
		[41, "LED1", "T", -975, -1325, 0],
		[42, "LED9", "T", 895, -450, 270],
		[43, "LED8", "T", 955, -450, 270],
		[44, "LED2", "T", -950, -1400, 0],
		[45, "LED3", "T", -950, -1460, 0],
		[46, "LED4", "T", -950, -1520, 0],
		[47, "LED5", "T", -950, -1580, 0],
		[48, "LED6", "T", -950, -1640, 0],
		[49, "LED7", "T", -950, -1700, 0],
		[50, "LED11", "T", -975, 175, 90],
		[51, "LED12", "T", -875, 175, 90],
		[52, "R1", "T", 400, -1150, 0],
		[53, "R2", "T", -130, -885, 270],
		[54, "R3", "T", -300, -1700, 0],
		[55, "R4", "T", -300, -1900, 0],
		[56, "R5", "T", -850, -1325, 0],
		[57, "R13", "T", 1025, -1150, 90],
		[58, "R12", "T", 600, -950, 180],
		[59, "R6", "T", -850, -1400, 0],
		[60, "R7", "T", -850, -1460, 0],
		[61, "R8", "T", -850, -1520, 0],
		[62, "R9", "T", -850, -1580, 0],
		[63, "R10", "T", -850, -1640, 0],
		[64, "R11", "T", -850, -1700, 0],
		[65, "R14", "T", 950, -550, 270],
		[66, "R15", "T", 900, -550, 270],
		[67, "R16", "T", 1125, -550, 90],
		[68, "R17", "T", 1075, -550, 90],
		[69, "R18", "T", 1125, -655, 90],
		[70, "R19", "T", 600, -900, 180],
		[71, "R20", "T", 600, -860, 180],
		[72, "R21", "T", 600, -820, 180],
		[73, "R23", "T", -750, -1075, 270],
		[74, "R24", "T", -275, -800, 90],
		[75, "R25", "T", -750, -1000, 270],
		[76, "R26", "T", -275, -875, 90],
		[77, "R27", "T", -875, -875, 0],
		[78, "R28", "T", -1000, 0, 90],
		[79, "R29", "T", -925, -25, 180],
		[80, "R31", "T", -850, 0, 90],
		[81, "U2", "T", 900, -850, 0],
		[82, "U3", "T", 795, 450, 30],
		[83, "U4", "T", -125, -1975, 90],
		[84, "U5", "T", 225, -1975, 90],
		[85, "U6", "T", -850, 500, 225],
		[86, "U7", "T", -700, -800, 225],
		[87, "U8", "T", 425, -1300, 0],
		[88, "U9", "T", -600, -1150, 0],
		[89, "U10", "T", -875, -975, 180],
		[90, "U11", "T", -925, -125, 180],
		[91, "X1", "T", 20, -885, 180],
		[92, "X2", "T", 870, -1150, 0],
		[93, "X3", "T", 945, 275, 30],
		[94, "LED10", "T", 925, 625, 300],
		[95, "R22", "T", 975, 525, 300],
		[96, "U1", "T", 0, -1300, 180],
		[97, "CN3", "T", -175, -2200, 270],
		[98, "CN4", "T", 175, -2200, 90],
		[99, "CN5", "T", -625, 650, 225],
		[100, "CN7", "T", -975, -350, 180],
		[101, "CN1", "B", 550, -1250, 90],
		[102, "CN2", "B", 700, -1250, 90],
		[103, "CN6", "T", -675, -575, 135],
		[104, "D1", "T", -1075, -675, 270],
		[105, "Q1", "T", -950, -727.67, 90],
		[106, "Q2", "T", -950, -577.67, 90],
		[107, "R30", "T", -950, -475, 180],
		[108, "SW1", "T", -1050, -1000, 90],
		[109, "C38", "T", -375, -1700, 90]
	]
},
"pins": {
	"fields": ["PIN_NO", "PIN_NAME", "PIN_X", "PIN_Y", "LAYER", "PIN_TYPE", "NET_NAME", "NET_TYPE", "PAD_SHAPE", "PAD_SIZEX", "PAD_SIZEY", "HOLE_SIZE"],
	"rows": [
		[1, "ANT1_1", 540, 745, "T", "SMD", "GND", "GND", "P", 20, 20, 0],
		[2, "ANT1_2", 622.5, 745, "T", "SMD", "GND", "GND", "P", 35, 20, 0],
		[3, "C1_2", -375, -1578.54, "T", "SMD", "+2V8", "", "R", 31.11, 21.26, 0],
		[4, "C1_1", -375, -1621.46, "T", "SMD", "GND", "GND", "R", 31.11, 21.26, 0],
		[5, "C2_2", -428.54, -1100, "T", "SMD", "+2V8", "", "R", 31.11, 21.26, 0],
		[6, "C2_1", -471.46, -1100, "T", "SMD", "GND", "GND", "R", 31.11, 21.26, 0],
		[7, "C3_2", -90, -906.46, "T", "SMD", "$1N2426", "", "R", 31.11, 21.26, 0],
		[8, "C3_1", -90, -863.54, "T", "SMD", "GND", "GND", "R", 31.11, 21.26, 0],
		[9, "C4_2", 130, -863.54, "T", "SMD", "$1N2429", "", "R", 31.11, 21.26, 0],
		[10, "C4_1", 130, -906.46, "T", "SMD", "GND", "GND", "R", 31.11, 21.26, 0],
		[11, "C5_2", -175, -896.46, "T", "SMD", "+2V8", "", "R", 31.11, 21.26, 0],
		[12, "C5_1", -175, -853.54, "T", "SMD", "GND", "GND", "R", 31.11, 21.26, 0],
		[13, "C6_2", 303.54, -1600, "T", "SMD", "+2V8", "", "R", 31.11, 21.26, 0],
		[14, "C6_1", 346.46, -1600, "T", "SMD", "GND", "GND", "R", 31.11, 21.26, 0],
		[15, "C7_2", 1075, -1078.54, "T", "SMD", "+2V8", "", "R", 31.11, 21.26, 0],
		[16, "C7_1", 1075, -1121.46, "T", "SMD", "GND", "GND", "R", 31.11, 21.26, 0],
		[17, "C10_2", 321.46, -1700, "T", "SMD", "GND", "GND", "R", 31.11, 21.26, 0],
		[18, "C10_1", 278.54, -1700, "T", "SMD", "OV_AFGND", "", "R", 31.11, 21.26, 0],
		[19, "C9_2", 321.46, -1660, "T", "SMD", "GND", "GND", "R", 31.11, 21.26, 0],
		[20, "C9_1", 278.54, -1660, "T", "SMD", "OV_AFVCC", "", "R", 31.11, 21.26, 0],
		[21, "C11_2", -700, -1228.54, "T", "SMD", "+2V8", "", "R", 31.11, 21.26, 0],
		[22, "C11_1", -700, -1271.46, "T", "SMD", "GND", "GND", "R", 31.11, 21.26, 0],
		[23, "C37_2", -871.46, -1075, "T", "SMD", "VIN", "", "R", 31.11, 21.26, 0],
		[24, "C37_1", -828.54, -1075, "T", "SMD", "GND", "GND", "R", 31.11, 21.26, 0],
		[25, "C12_2", 778.54, -575, "T", "SMD", "+2V8", "", "R", 31.11, 21.26, 0],
		[26, "C12_1", 821.46, -575, "T", "SMD", "GND", "GND", "R", 31.11, 21.26, 0],
		[27, "C14_2", 596.46, -1000, "T", "SMD", "+2V8", "", "R", 31.11, 21.26, 0],
		[28, "C14_1", 553.54, -1000, "T", "SMD", "GND", "GND", "R", 31.11, 21.26, 0],
		[29, "C15_2", 980, -1128.54, "T", "SMD", "$2N2439", "", "R", 31.11, 21.26, 0],
		[30, "C15_1", 980, -1171.46, "T", "SMD", "GND", "GND", "R", 31.11, 21.26, 0],
		[31, "C17_2", 760, -1171.46, "T", "SMD", "$2N2443", "", "R", 31.11, 21.26, 0],
		[32, "C17_1", 760, -1128.54, "T", "SMD", "GND", "GND", "R", 31.11, 21.26, 0],
		[33, "C19_2", 1075, -671.46, "T", "SMD", "+2V8", "", "R", 31.11, 21.26, 0],
		[34, "C19_1", 1075, -628.54, "T", "SMD", "GND", "GND", "R", 31.11, 21.26, 0],
		[35, "C20_2", 945.7, 68.65, "T", "SMD", "VDDRF", "", "R", 58.47, 68.03, 0],
		[36, "C20_1", 1054.3, 131.35, "T", "SMD", "GND", "GND", "R", 58.47, 68.03, 0],
		[37, "C21_2", 808.54, 175, "T", "SMD", "GND", "GND", "R", 31.11, 21.26, 0],
		[38, "C21_1", 851.46, 175, "T", "SMD", "VDDRF", "", "R", 31.11, 21.26, 0],
		[39, "C22_2", 836.46, 225, "T", "SMD", "VDDRF", "", "R", 31.11, 21.26, 0],
		[40, "C22_1", 793.54, 225, "T", "SMD", "GND", "GND", "R", 31.11, 21.26, 0],
		[41, "C23_2", 628.54, 600, "T", "SMD", "GND", "GND", "R", 31.11, 21.26, 0],
		[42, "C23_1", 671.46, 600, "T", "SMD", "$3N813", "", "R", 31.11, 21.26, 0],
		[43, "C24_2", -246.46, -2000, "T", "SMD", "GND", "GND", "R", 31.11, 21.26, 0],
		[44, "C24_1", -203.54, -2000, "T", "SMD", "VIN", "", "R", 31.11, 21.26, 0],
		[45, "C25_2", -246.46, -1950, "T", "SMD", "GND", "GND", "R", 31.11, 21.26, 0],
		[46, "C25_1", -203.54, -1950, "T", "SMD", "+2V8", "", "R", 31.11, 21.26, 0],
		[47, "C26_2", 1013.58, 195.73, "T", "SMD", "GND", "GND", "R", 31.11, 21.26, 0],
		[48, "C26_1", 976.42, 174.27, "T", "SMD", "$3N1180", "", "R", 31.11, 21.26, 0],
		[49, "C27_2", 1034.27, 348.58, "T", "SMD", "$3N1073", "", "R", 31.11, 21.26, 0],
		[50, "C27_1", 1055.73, 311.42, "T", "SMD", "GND", "GND", "R", 31.11, 21.26, 0],
		[51, "C28_2", 103.54, -2000, "T", "SMD", "GND", "GND", "R", 31.11, 21.26, 0],
		[52, "C28_1", 146.46, -2000, "T", "SMD", "VIN", "", "R", 31.11, 21.26, 0],
		[53, "C29_2", 103.54, -1950, "T", "SMD", "GND", "GND", "R", 31.11, 21.26, 0],
		[54, "C29_1", 146.46, -1950, "T", "SMD", "+2V8", "", "R", 31.11, 21.26, 0],
		[55, "C30_2", -734.83, 434.83, "T", "SMD", "GND", "GND", "R", 31.11, 21.26, 0],
		[56, "C30_1", -765.17, 465.17, "T", "SMD", "VIN", "", "R", 31.11, 21.26, 0],
		[57, "C31_2", -784.83, 384.83, "T", "SMD", "GND", "GND", "R", 31.11, 21.26, 0],
		[58, "C31_1", -815.17, 415.17, "T", "SMD", "+2V8", "", "R", 31.11, 21.26, 0],
		[59, "C32_2", -514.83, -694.83, "T", "SMD", "GND", "GND", "R", 31.11, 21.26, 0],
		[60, "C32_1", -545.17, -725.17, "T", "SMD", "$3N3536", "", "R", 31.11, 21.26, 0],
		[61, "C33_2", 400, -1071.46, "T", "SMD", "GND", "GND", "R", 31.11, 21.26, 0],
		[62, "C33_1", 400, -1028.54, "T", "SMD", "+2V8", "", "R", 31.11, 21.26, 0],
		[63, "C34_2", -621.46, -1050, "T", "SMD", "+1V3", "", "R", 31.11, 21.26, 0],
		[64, "C34_1", -578.54, -1050, "T", "SMD", "GND", "GND", "R", 31.11, 21.26, 0],
		[65, "C35_2", -225, -853.54, "T", "SMD", "307_ADC0", "", "R", 31.11, 21.26, 0],
		[66, "C35_1", -225, -896.46, "T", "SMD", "GND", "GND", "R", 31.11, 21.26, 0],
		[67, "C36_2", -746.46, -1150, "T", "SMD", "+2V8", "", "R", 31.11, 21.26, 0],
		[68, "C36_1", -703.54, -1150, "T", "SMD", "GND", "GND", "R", 31.11, 21.26, 0],
		[69, "C8_2", 200, -878.54, "T", "SMD", "GND", "GND", "R", 31.11, 21.26, 0],
		[70, "C8_1", 200, -921.46, "T", "SMD", "+2V8", "", "R", 31.11, 21.26, 0],
		[71, "FPC2_1", -226.38, -1847.25, "T", "SMD", "OV_STROBE", "", "R", 15.75, 55.12, 0],
		[72, "FPC2_2", -206.69, -1752.75, "T", "SMD", "GND", "GND", "R", 15.75, 55.12, 0],
		[73, "FPC2_3", -187, -1847.25, "T", "SMD", "307_SDA2", "", "R", 15.75, 55.12, 0],
		[74, "FPC2_4", -167.31, -1752.75, "T", "SMD", "+2V8", "", "R", 15.75, 55.12, 0],
		[75, "FPC2_5", -147.63, -1847.25, "T", "SMD", "307_SCL2", "", "R", 15.75, 55.12, 0],
		[76, "FPC2_6", -127.96, -1752.75, "T", "SMD", "307_PA11", "", "R", 15.75, 55.12, 0],
		[77, "FPC2_7", -108.26, -1847.25, "T", "SMD", "307_VSYNC", "", "R", 15.75, 55.12, 0],
		[78, "FPC2_8", -88.58, -1752.75, "T", "SMD", "OV_PWDN", "", "R", 15.75, 55.12, 0],
		[79, "FPC2_9", -68.89, -1847.25, "T", "SMD", "307_HSYNC", "", "R", 15.75, 55.12, 0],
		[80, "FPC2_10", -49.2, -1752.75, "T", "SMD", "+1V3", "", "R", 15.75, 55.12, 0],
		[81, "FPC2_26", -295.27, -1800, "T", "SMD", "GND", "GND", "R", 78.74, 94.49, 0],
		[82, "FPC2_25", 295.27, -1800, "T", "SMD", "GND", "GND", "R", 78.74, 94.49, 0],
		[83, "FPC2_11", -29.52, -1847.25, "T", "SMD", "+2V8", "", "R", 15.75, 55.12, 0],
		[84, "FPC2_13", 9.85, -1847.25, "T", "SMD", "307_MCO", "", "R", 15.75, 55.12, 0],
		[85, "FPC2_15", 49.22, -1847.25, "T", "SMD", "GND", "GND", "R", 15.75, 55.12, 0],
		[86, "FPC2_17", 88.58, -1847.25, "T", "SMD", "307_PCLK", "", "R", 15.75, 55.12, 0],
		[87, "FPC2_19", 127.96, -1847.25, "T", "SMD", "307_DVP_D0", "", "R", 15.75, 55.12, 0],
		[88, "FPC2_21", 167.32, -1847.25, "T", "SMD", "307_DVP_D1", "", "R", 15.75, 55.12, 0],
		[89, "FPC2_23", 206.69, -1847.25, "T", "SMD", "OV_AFVCC", "", "R", 15.75, 55.12, 0],
		[90, "FPC2_12", -9.84, -1752.75, "T", "SMD", "307_DVP_D7", "", "R", 15.75, 55.12, 0],
		[91, "FPC2_14", 29.54, -1752.75, "T", "SMD", "307_DVP_D6", "", "R", 15.75, 55.12, 0],
		[92, "FPC2_16", 68.91, -1752.75, "T", "SMD", "307_DVP_D5", "", "R", 15.75, 55.12, 0],
		[93, "FPC2_18", 108.28, -1752.75, "T", "SMD", "307_DVP_D4", "", "R", 15.75, 55.12, 0],
		[94, "FPC2_20", 147.65, -1752.75, "T", "SMD", "307_DVP_D3", "", "R", 15.75, 55.12, 0],
		[95, "FPC2_22", 187.01, -1752.75, "T", "SMD", "307_DVP_D2", "", "R", 15.75, 55.12, 0],
		[96, "FPC2_24", 226.38, -1752.75, "T", "SMD", "OV_AFGND", "", "R", 15.75, 55.12, 0],
		[97, "H1_2", 650, -1500, "T", "DIP", "GND", "GND", "C", 66.93, 66.93, 43.31],
		[98, "H1_2", 650, -1500, "B", "DIP", "GND", "GND", "C", 66.93, 66.93, 43.31],
		[99, "H1_3", 550, -1500, "T", "DIP", "307_SWDIO", "", "C", 66.93, 66.93, 43.31],
		[100, "H1_3", 550, -1500, "B", "DIP", "307_SWDIO", "", "C", 66.93, 66.93, 43.31],
		[101, "H1_4", 450, -1500, "T", "DIP", "307_SWCLK", "", "C", 66.93, 66.93, 43.31],
		[102, "H1_4", 450, -1500, "B", "DIP", "307_SWCLK", "", "C", 66.93, 66.93, 43.31],
		[103, "H2_2", 660.36, -539.64, "T", "DIP", "GND", "GND", "C", 66.93, 66.93, 43.31],
		[104, "H2_2", 660.36, -539.64, "B", "DIP", "GND", "GND", "C", 66.93, 66.93, 43.31],
		[105, "H2_3", 589.64, -610.36, "T", "DIP", "203_SWDIO", "", "C", 66.93, 66.93, 43.31],
		[106, "H2_3", 589.64, -610.36, "B", "DIP", "203_SWDIO", "", "C", 66.93, 66.93, 43.31],
		[107, "H2_4", 518.93, -681.07, "T", "DIP", "203_SWCLK", "", "C", 66.93, 66.93, 43.31],
		[108, "H2_4", 518.93, -681.07, "B", "DIP", "203_SWCLK", "", "C", 66.93, 66.93, 43.31],
		[109, "L1_1", 850, -63.04, "T", "SMD", "+2V8", "", "R", 44.59, 54.21, 0],
		[110, "L1_2", 850, 13.04, "T", "SMD", "VDDRF", "", "R", 44.59, 54.21, 0],
		[111, "L2_1", -821.85, -1175, "T", "SMD", "+2V8", "", "R", 51.18, 107.09, 0],
		[112, "L2_2", -928.15, -1175, "T", "SMD", "$4N768", "", "R", 51.18, 107.09, 0],
		[113, "LED1_2", -1008.5, -1325, "T", "SMD", "GND", "GND", "R", 31.5, 31.5, 0],
		[114, "LED1_1", -941.5, -1325, "T", "SMD", "$1N5859", "", "R", 31.5, 31.5, 0],
		[115, "LED9_1", 894.87, -418.53, "T", "SMD", "GND", "GND", "R", 31.5, 31.5, 0],
		[116, "LED9_2", 895.13, -481.47, "T", "SMD", "$2N6493", "", "R", 31.5, 31.5, 0],
		[117, "LED8_1", 954.87, -418.53, "T", "SMD", "GND", "GND", "R", 31.5, 31.5, 0],
		[118, "LED8_2", 955.13, -481.47, "T", "SMD", "$2N6494", "", "R", 31.5, 31.5, 0],
		[119, "LED2_1", -981.47, -1400.14, "T", "SMD", "GND", "GND", "R", 31.5, 31.5, 0],
		[120, "LED2_2", -918.53, -1399.86, "T", "SMD", "$1N10422", "", "R", 31.5, 31.5, 0],
		[121, "LED3_1", -981.47, -1460.14, "T", "SMD", "GND", "GND", "R", 31.5, 31.5, 0],
		[122, "LED3_2", -918.53, -1459.86, "T", "SMD", "$1N5421", "", "R", 31.5, 31.5, 0],
		[123, "LED4_1", -981.47, -1520.14, "T", "SMD", "GND", "GND", "R", 31.5, 31.5, 0],
		[124, "LED4_2", -918.53, -1519.86, "T", "SMD", "$1N5733", "", "R", 31.5, 31.5, 0],
		[125, "LED5_1", -981.47, -1580.14, "T", "SMD", "GND", "GND", "R", 31.5, 31.5, 0],
		[126, "LED5_2", -918.53, -1579.86, "T", "SMD", "$1N5731", "", "R", 31.5, 31.5, 0],
		[127, "LED6_1", -981.47, -1640.14, "T", "SMD", "GND", "GND", "R", 31.5, 31.5, 0],
		[128, "LED6_2", -918.53, -1639.86, "T", "SMD", "$1N5729", "", "R", 31.5, 31.5, 0],
		[129, "LED7_1", -981.47, -1700.13, "T", "SMD", "GND", "GND", "R", 31.5, 31.5, 0],
		[130, "LED7_2", -918.53, -1699.87, "T", "SMD", "$1N5727", "", "R", 31.5, 31.5, 0],
		[131, "LED11_2", -975, 133.65, "T", "SMD", "$4N1406", "", "R", 39.37, 55.1, 0],
		[132, "LED11_1", -975, 216.35, "T", "SMD", "VBUS", "", "R", 39.37, 55.1, 0],
		[133, "LED12_2", -875, 133.65, "T", "SMD", "$4N1444", "", "R", 39.37, 55.1, 0],
		[134, "LED12_1", -875, 216.35, "T", "SMD", "VBUS", "", "R", 39.37, 55.1, 0],
		[135, "R1_2", 417.04, -1150, "T", "SMD", "GND", "GND", "R", 22.27, 21.26, 0],
		[136, "R1_1", 382.96, -1150, "T", "SMD", "$1N1174", "", "R", 22.27, 21.26, 0],
		[137, "R2_2", -130, -902.04, "T", "SMD", "$1N1212", "", "R", 22.27, 21.26, 0],
		[138, "R2_1", -130, -867.96, "T", "SMD", "+2V8", "", "R", 22.27, 21.26, 0],
		[139, "R3_2", -282.96, -1700, "T", "SMD", "307_SDA2", "", "R", 22.27, 21.26, 0],
		[140, "R3_1", -317.04, -1700, "T", "SMD", "+2V8", "", "R", 22.27, 21.26, 0],
		[141, "R4_2", -282.96, -1900, "T", "SMD", "307_SCL2", "", "R", 22.27, 21.26, 0],
		[142, "R4_1", -317.04, -1900, "T", "SMD", "+2V8", "", "R", 22.27, 21.26, 0],
		[143, "R5_2", -832.96, -1325, "T", "SMD", "307_T3CH3", "", "R", 22.27, 21.26, 0],
		[144, "R5_1", -867.04, -1325, "T", "SMD", "$1N5859", "", "R", 22.27, 21.26, 0],
		[145, "R13_2", 1025, -1132.96, "T", "SMD", "$2N558", "", "R", 22.27, 21.26, 0],
		[146, "R13_1", 1025, -1167.04, "T", "SMD", "+2V8", "", "R", 22.27, 21.26, 0],
		[147, "R12_2", 582.96, -950, "T", "SMD", "GND", "GND", "R", 22.27, 21.26, 0],
		[148, "R12_1", 617.04, -950, "T", "SMD", "$2N545", "", "R", 22.27, 21.26, 0],
		[149, "R6_2", -832.96, -1400, "T", "SMD", "307_PE10", "", "R", 22.27, 21.26, 0],
		[150, "R6_1", -867.04, -1400, "T", "SMD", "$1N10422", "", "R", 22.27, 21.26, 0],
		[151, "R7_2", -832.96, -1460, "T", "SMD", "307_PE11", "", "R", 22.27, 21.26, 0],
		[152, "R7_1", -867.04, -1460, "T", "SMD", "$1N5421", "", "R", 22.27, 21.26, 0],
		[153, "R8_2", -832.96, -1520, "T", "SMD", "307_PE12", "", "R", 22.27, 21.26, 0],
		[154, "R8_1", -867.04, -1520, "T", "SMD", "$1N5733", "", "R", 22.27, 21.26, 0],
		[155, "R9_2", -832.96, -1580, "T", "SMD", "307_PE13", "", "R", 22.27, 21.26, 0],
		[156, "R9_1", -867.04, -1580, "T", "SMD", "$1N5731", "", "R", 22.27, 21.26, 0],
		[157, "R10_2", -832.96, -1640, "T", "SMD", "307_PE14", "", "R", 22.27, 21.26, 0],
		[158, "R10_1", -867.04, -1640, "T", "SMD", "$1N5729", "", "R", 22.27, 21.26, 0],
		[159, "R11_2", -832.96, -1700, "T", "SMD", "307_PE15", "", "R", 22.27, 21.26, 0],
		[160, "R11_1", -867.04, -1700, "T", "SMD", "$1N5727", "", "R", 22.27, 21.26, 0],
		[161, "R14_2", 950, -567.04, "T", "SMD", "203_T1CH1", "", "R", 22.27, 21.26, 0],
		[162, "R14_1", 950, -532.96, "T", "SMD", "$2N6494", "", "R", 22.27, 21.26, 0],
		[163, "R15_2", 900, -567.04, "T", "SMD", "203_T1CH2", "", "R", 22.27, 21.26, 0],
		[164, "R15_1", 900, -532.96, "T", "SMD", "$2N6493", "", "R", 22.27, 21.26, 0],
		[165, "R16_2", 1125, -532.96, "T", "SMD", "+2V8", "", "R", 22.27, 21.26, 0],
		[166, "R16_1", 1125, -567.04, "T", "SMD", "203_EXTI2", "", "R", 22.27, 21.26, 0],
		[167, "R17_2", 1075, -532.96, "T", "SMD", "+2V8", "", "R", 22.27, 21.26, 0],
		[168, "R17_1", 1075, -567.04, "T", "SMD", "203_SDA2", "", "R", 22.27, 21.26, 0],
		[169, "R18_2", 1125, -637.96, "T", "SMD", "+2V8", "", "R", 22.27, 21.26, 0],
		[170, "R18_1", 1125, -672.04, "T", "SMD", "203_SCL2", "", "R", 22.27, 21.26, 0],
		[171, "R19_2", 582.96, -900, "T", "SMD", "+2V8", "", "R", 22.27, 21.26, 0],
		[172, "R19_1", 617.04, -900, "T", "SMD", "203_EXTI8", "", "R", 22.27, 21.26, 0],
		[173, "R20_2", 582.96, -860, "T", "SMD", "+2V8", "", "R", 22.27, 21.26, 0],
		[174, "R20_1", 617.04, -860, "T", "SMD", "203_SDA1", "", "R", 22.27, 21.26, 0],
		[175, "R21_2", 582.96, -820, "T", "SMD", "+2V8", "", "R", 22.27, 21.26, 0],
		[176, "R21_1", 617.04, -820, "T", "SMD", "203_SCL1", "", "R", 22.27, 21.26, 0],
		[177, "R23_2", -750, -1092.04, "T", "SMD", "+2V8", "", "R", 22.27, 21.26, 0],
		[178, "R23_1", -750, -1057.96, "T", "SMD", "$4N621", "", "R", 22.27, 21.26, 0],
		[179, "R24_2", -275, -782.96, "T", "SMD", "VIN", "", "R", 22.27, 21.26, 0],
		[180, "R24_1", -275, -817.04, "T", "SMD", "307_ADC0", "", "R", 22.27, 21.26, 0],
		[181, "R25_2", -750, -1017.04, "T", "SMD", "$4N621", "", "R", 22.27, 21.26, 0],
		[182, "R25_1", -750, -982.96, "T", "SMD", "$4N626", "", "R", 22.27, 21.26, 0],
		[183, "R26_2", -275, -857.96, "T", "SMD", "307_ADC0", "", "R", 22.27, 21.26, 0],
		[184, "R26_1", -275, -892.04, "T", "SMD", "GND", "GND", "R", 22.27, 21.26, 0],
		[185, "R27_2", -857.96, -875, "T", "SMD", "$4N626", "", "R", 22.27, 21.26, 0],
		[186, "R27_1", -892.04, -875, "T", "SMD", "GND", "GND", "R", 22.27, 21.26, 0],
		[187, "R28_2", -1000, 17.04, "T", "SMD", "$4N1406", "", "R", 22.27, 21.26, 0],
		[188, "R28_1", -1000, -17.04, "T", "SMD", "$4N1553", "", "R", 22.27, 21.26, 0],
		[189, "R29_2", -942.04, -25, "T", "SMD", "GND", "GND", "R", 22.27, 21.26, 0],
		[190, "R29_1", -907.96, -25, "T", "SMD", "$4N1619", "", "R", 22.27, 21.26, 0],
		[191, "R31_2", -850, 17.04, "T", "SMD", "$4N1444", "", "R", 22.27, 21.26, 0],
		[192, "R31_1", -850, -17.04, "T", "SMD", "$4N1482", "", "R", 22.27, 21.26, 0],
		[193, "U2_5", 870.47, -1017.32, "T", "SMD", "$2N2443", "", "O", 10.63, 59.05, 0],
		[194, "U2_6", 890.16, -1017.32, "T", "SMD", "$2N2439", "", "O", 10.63, 59.05, 0],
		[195, "U2_7", 909.84, -1017.32, "T", "SMD", "$2N558", "", "O", 10.63, 59.05, 0],
		[196, "U2_8", 929.53, -1017.32, "T", "SMD", "GND", "GND", "O", 10.63, 59.05, 0],
		[197, "U2_9", 949.21, -1017.32, "T", "SMD", "+2V8", "", "O", 10.63, 59.05, 0],
		[198, "U2_12", 1008.27, -1017.32, "T", "SMD", "203_U2TX", "", "O", 10.63, 59.05, 0],
		[199, "U2_13", 1067.32, -958.27, "T", "SMD", "203_U2RX", "", "O", 59.05, 10.63, 0],
		[200, "U2_20", 1067.32, -820.47, "T", "SMD", "203_EXTI2", "", "O", 59.05, 10.63, 0],
		[201, "U2_21", 1067.32, -800.79, "T", "SMD", "203_SCL2", "", "O", 59.05, 10.63, 0],
		[202, "U2_22", 1067.32, -781.1, "T", "SMD", "203_SDA2", "", "O", 59.05, 10.63, 0],
		[203, "U2_23", 1067.32, -761.42, "T", "SMD", "GND", "GND", "O", 59.05, 10.63, 0],
		[204, "U2_24", 1067.32, -741.73, "T", "SMD", "+2V8", "", "O", 59.05, 10.63, 0],
		[205, "U2_29", 929.53, -682.68, "T", "SMD", "203_T1CH1", "", "O", 10.63, 59.05, 0],
		[206, "U2_30", 909.84, -682.68, "T", "SMD", "203_T1CH2", "", "O", 10.63, 59.05, 0],
		[207, "U2_34", 831.1, -682.68, "T", "SMD", "203_SWDIO", "", "O", 10.63, 59.05, 0],
		[208, "U2_35", 811.42, -682.68, "T", "SMD", "GND", "GND", "O", 10.63, 59.05, 0],
		[209, "U2_36", 791.73, -682.68, "T", "SMD", "+2V8", "", "O", 10.63, 59.05, 0],
		[210, "U2_37", 732.68, -741.73, "T", "SMD", "203_SWCLK", "", "O", 59.05, 10.63, 0],
		[211, "U2_42", 732.68, -840.16, "T", "SMD", "203_SCL1", "", "O", 59.05, 10.63, 0],
		[212, "U2_43", 732.68, -859.84, "T", "SMD", "203_SDA1", "", "O", 59.05, 10.63, 0],
		[213, "U2_44", 732.68, -879.53, "T", "SMD", "$2N545", "", "O", 59.05, 10.63, 0],
		[214, "U2_45", 732.68, -899.21, "T", "SMD", "203_EXTI8", "", "O", 59.05, 10.63, 0],
		[215, "U2_47", 732.68, -938.58, "T", "SMD", "GND", "GND", "O", 59.05, 10.63, 0],
		[216, "U2_48", 732.68, -958.27, "T", "SMD", "+2V8", "", "O", 59.05, 10.63, 0],
		[217, "U3_2", 813.07, 339.96, "T", "SMD", "VDDRF", "", "O", 22.05, 59.65, 0],
		[218, "U3_3", 847.16, 359.65, "T", "SMD", "GND", "GND", "O", 22.05, 59.65, 0],
		[219, "U3_4", 881.26, 379.33, "T", "SMD", "$3N1180", "", "O", 22.05, 59.65, 0],
		[220, "U3_5", 915.36, 399.02, "T", "SMD", "$3N1073", "", "O", 22.05, 59.65, 0],
		[221, "U3_6", 811.03, 579.72, "T", "SMD", "GND", "GND", "O", 22.05, 59.65, 0],
		[222, "U3_7", 776.93, 560.04, "T", "SMD", "$3N813", "", "O", 22.05, 59.65, 0],
		[223, "U3_8", 742.83, 540.35, "T", "SMD", "307_U6TX", "", "O", 22.05, 59.65, 0],
		[224, "U3_9", 708.74, 520.67, "T", "SMD", "307_U6RX", "", "O", 22.05, 59.65, 0],
		[225, "U3_10", 674.64, 500.98, "T", "SMD", "307_PE2", "", "O", 22.05, 59.65, 0],
		[226, "U3_11", 795, 450, "T", "SMD", "GND", "GND", "R", 125.98, 90.55, 0],
		[227, "U4_1", -154.53, -2012.4, "T", "SMD", "VIN", "", "R", 20.51, 9.84, 0],
		[228, "U4_2", -134.84, -2012.4, "T", "SMD", "$3N2849", "", "R", 20.51, 9.84, 0],
		[229, "U4_3", -115.16, -2012.4, "T", "SMD", "$3N2851", "", "R", 20.51, 9.84, 0],
		[230, "U4_4", -95.47, -2012.4, "T", "SMD", "GND", "GND", "R", 20.51, 9.84, 0],
		[231, "U4_5", -95.47, -1937.6, "T", "SMD", "307_T4CH2", "", "R", 20.51, 9.84, 0],
		[232, "U4_6", -115.16, -1937.6, "T", "SMD", "307_T4CH1", "", "R", 20.51, 9.84, 0],
		[233, "U4_7", -134.84, -1937.6, "T", "SMD", "307_PD11", "", "R", 20.51, 9.84, 0],
		[234, "U4_8", -154.53, -1937.6, "T", "SMD", "+2V8", "", "R", 20.51, 9.84, 0],
		[235, "U4_9", -125, -1975, "T", "SMD", "GND", "GND", "R", 35.43, 62.99, 0],
		[236, "U5_1", 195.47, -2012.4, "T", "SMD", "VIN", "", "R", 20.51, 9.84, 0],
		[237, "U5_2", 215.16, -2012.4, "T", "SMD", "$3N2843", "", "R", 20.51, 9.84, 0],
		[238, "U5_3", 234.84, -2012.4, "T", "SMD", "$3N2845", "", "R", 20.51, 9.84, 0],
		[239, "U5_4", 254.53, -2012.4, "T", "SMD", "GND", "GND", "R", 20.51, 9.84, 0],
		[240, "U5_5", 254.53, -1937.6, "T", "SMD", "307_T4CH4", "", "R", 20.51, 9.84, 0],
		[241, "U5_6", 234.84, -1937.6, "T", "SMD", "307_T4CH3", "", "R", 20.51, 9.84, 0],
		[242, "U5_7", 215.16, -1937.6, "T", "SMD", "307_PD11", "", "R", 20.51, 9.84, 0],
		[243, "U5_8", 195.47, -1937.6, "T", "SMD", "+2V8", "", "R", 20.51, 9.84, 0],
		[244, "U5_9", 225, -1975, "T", "SMD", "GND", "GND", "R", 35.43, 62.99, 0],
		[245, "U6_1", -802.67, 505.56, "T", "SMD", "VIN", "", "R", 20.51, 9.84, 0],
		[246, "U6_2", -816.6, 519.49, "T", "SMD", "$3N3065", "", "R", 20.51, 9.84, 0],
		[247, "U6_3", -830.51, 533.4, "T", "SMD", "$3N3067", "", "R", 20.51, 9.84, 0],
		[248, "U6_4", -844.44, 547.33, "T", "SMD", "GND", "GND", "R", 20.51, 9.84, 0],
		[249, "U6_5", -897.33, 494.44, "T", "SMD", "307_T8CH2", "", "R", 20.51, 9.84, 0],
		[250, "U6_6", -883.4, 480.51, "T", "SMD", "307_T8CH1", "", "R", 20.51, 9.84, 0],
		[251, "U6_7", -869.49, 466.6, "T", "SMD", "307_PD11", "", "R", 20.51, 9.84, 0],
		[252, "U6_8", -855.56, 452.67, "T", "SMD", "+2V8", "", "R", 20.51, 9.84, 0],
		[253, "U6_9", -850, 500, "T", "SMD", "GND", "GND", "R", 35.43, 62.99, 0],
		[254, "U7_1", -721.64, -672.29, "T", "SMD", "DP", "", "O", 24.8, 73.42, 0],
		[255, "U7_2", -757, -707.64, "T", "SMD", "DM", "", "O", 24.8, 73.42, 0],
		[256, "U7_3", -792.36, -743, "T", "SMD", "GND", "GND", "O", 24.8, 73.42, 0],
		[257, "U7_8", -572.29, -821.64, "T", "SMD", "$3N3536", "", "O", 24.8, 73.42, 0],
		[258, "U7_7", -607.64, -857, "T", "SMD", "307_U2TX", "", "O", 24.8, 73.42, 0],
		[259, "U7_6", -643, -892.36, "T", "SMD", "307_U2RX", "", "O", 24.8, 73.42, 0],
		[260, "U7_5", -678.36, -927.71, "T", "SMD", "VBUS", "", "O", 24.8, 73.42, 0],
		[261, "U8_1", 375.31, -1270.47, "T", "SMD", "307_SPI3MISO", "", "R", 26.57, 11.02, 0],
		[262, "U8_2", 375.31, -1290.16, "T", "SMD", "GND", "GND", "R", 26.57, 11.02, 0],
		[263, "U8_3", 375.31, -1309.84, "T", "SMD", "GND", "GND", "R", 26.57, 11.02, 0],
		[264, "U8_5", 405.31, -1339.86, "T", "SMD", "+2V8", "", "R", 11.02, 26.57, 0],
		[265, "U8_6", 425, -1339.86, "T", "SMD", "GND", "GND", "R", 11.02, 26.57, 0],
		[266, "U8_7", 444.69, -1339.86, "T", "SMD", "GND", "GND", "R", 11.02, 26.57, 0],
		[267, "U8_8", 474.69, -1329.53, "T", "SMD", "+2V8", "", "R", 26.57, 11.02, 0],
		[268, "U8_12", 444.69, -1260.14, "T", "SMD", "307_PD7", "", "R", 11.02, 26.57, 0],
		[269, "U8_13", 425, -1260.14, "T", "SMD", "307_SPI3SCK", "", "R", 11.02, 26.57, 0],
		[270, "U8_14", 405.31, -1260.14, "T", "SMD", "307_SPI3MOSI", "", "R", 11.02, 26.57, 0],
		[271, "U9_1", -637.4, -1195.42, "T", "SMD", "+2V8", "", "R", 19.29, 45.55, 0],
		[272, "U9_2", -600, -1195.42, "T", "SMD", "GND", "GND", "R", 19.29, 45.55, 0],
		[273, "U9_3", -562.6, -1195.42, "T", "SMD", "+1V3_EN", "", "R", 19.29, 45.55, 0],
		[274, "U9_5", -637.4, -1104.58, "T", "SMD", "+1V3", "", "R", 19.29, 46.26, 0],
		[275, "U10_5", -823.82, -937.6, "T", "SMD", "$4N626", "", "R", 43.31, 23.62, 0],
		[276, "U10_4", -823.82, -1012.4, "T", "SMD", "VIN", "", "R", 43.31, 23.62, 0],
		[277, "U10_3", -926.18, -1012.4, "T", "SMD", "$4N768", "", "R", 43.31, 23.62, 0],
		[278, "U10_2", -926.18, -975, "T", "SMD", "GND", "GND", "R", 43.31, 23.62, 0],
		[279, "U10_1", -926.18, -937.6, "T", "SMD", "VIN", "", "R", 43.31, 23.62, 0],
		[280, "U11_3", -978.15, -162.4, "T", "SMD", "VBAT", "", "R", 43.31, 23.62, 0],
		[281, "U11_2", -978.15, -125, "T", "SMD", "GND", "GND", "R", 43.31, 23.62, 0],
		[282, "U11_1", -978.15, -87.6, "T", "SMD", "$4N1553", "", "R", 43.31, 23.62, 0],
		[283, "U11_6", -871.85, -87.6, "T", "SMD", "$4N1619", "", "R", 43.31, 23.62, 0],
		[284, "U11_5", -871.85, -125, "T", "SMD", "$4N1482", "", "R", 43.31, 23.62, 0],
		[285, "U11_4", -871.85, -162.4, "T", "SMD", "VBUS", "", "R", 43.31, 23.62, 0],
		[286, "X1_1", 63.31, -850.55, "T", "SMD", "$1N2429", "", "R", 55.12, 47.24, 0],
		[287, "X1_2", -23.31, -850.55, "T", "SMD", "GND", "GND", "R", 55.12, 47.24, 0],
		[288, "X1_3", -23.31, -919.45, "T", "SMD", "$1N2426", "", "R", 55.12, 47.24, 0],
		[289, "X1_4", 63.31, -919.45, "T", "SMD", "GND", "GND", "R", 55.12, 47.24, 0],
		[290, "X2_1", 826.69, -1184.45, "T", "SMD", "$2N2443", "", "R", 55.12, 47.24, 0],
		[291, "X2_2", 913.31, -1184.45, "T", "SMD", "GND", "GND", "R", 55.12, 47.24, 0],
		[292, "X2_3", 913.31, -1115.55, "T", "SMD", "$2N2439", "", "R", 55.12, 47.24, 0],
		[293, "X2_4", 826.69, -1115.55, "T", "SMD", "GND", "GND", "R", 55.12, 47.24, 0],
		[294, "X3_1", 924.22, 224.36, "T", "SMD", "$3N1180", "", "R", 55.12, 47.24, 0],
		[295, "X3_2", 999.24, 267.67, "T", "SMD", "GND", "GND", "R", 55.12, 47.24, 0],
		[296, "X3_3", 965.78, 325.64, "T", "SMD", "$3N1073", "", "R", 55.12, 47.24, 0],
		[297, "X3_4", 890.76, 282.33, "T", "SMD", "GND", "GND", "R", 55.12, 47.24, 0],
		[298, "LED10_1", 909.15, 652.19, "T", "SMD", "GND", "GND", "R", 31.5, 31.5, 0],
		[299, "LED10_2", 940.85, 597.81, "T", "SMD", "$3N10451", "", "R", 31.5, 31.5, 0],
		[300, "R22_2", 983.52, 510.24, "T", "SMD", "VDDRF", "", "R", 22.27, 21.26, 0],
		[301, "R22_1", 966.48, 539.76, "T", "SMD", "$3N10451", "", "R", 22.27, 21.26, 0],
		[302, "U1_100", 297.24, -1063.78, "T", "SMD", "+2V8", "", "O", 62.99, 11.81, 0],
		[303, "U1_99", 297.24, -1083.46, "T", "SMD", "GND", "GND", "O", 62.99, 11.81, 0],
		[304, "U1_96", 297.24, -1142.52, "T", "SMD", "307_DVP_D7", "", "O", 62.99, 11.81, 0],
		[305, "U1_95", 297.24, -1162.2, "T", "SMD", "307_DVP_D6", "", "O", 62.99, 11.81, 0],
		[306, "U1_94", 297.24, -1181.89, "T", "SMD", "$1N1174", "", "O", 62.99, 11.81, 0],
		[307, "U1_92", 297.24, -1221.26, "T", "SMD", "307_DVP_D5", "", "O", 62.99, 11.81, 0],
		[308, "U1_91", 297.24, -1240.94, "T", "SMD", "307_SPI3MOSI", "", "O", 62.99, 11.81, 0],
		[309, "U1_90", 297.24, -1260.63, "T", "SMD", "307_SPI3MISO", "", "O", 62.99, 11.81, 0],
		[310, "U1_89", 297.24, -1280.32, "T", "SMD", "307_SPI3SCK", "", "O", 62.99, 11.81, 0],
		[311, "U1_88", 297.24, -1300, "T", "SMD", "307_PD7", "", "O", 62.99, 11.81, 0],
		[312, "U1_79", 297.24, -1477.17, "T", "SMD", "307_DVP_D4", "", "O", 62.99, 11.81, 0],
		[313, "U1_76", 297.24, -1536.22, "T", "SMD", "307_SWCLK", "", "O", 62.99, 11.81, 0],
		[314, "U1_75", 236.22, -1597.24, "T", "SMD", "+2V8", "", "O", 11.81, 62.99, 0],
		[315, "U1_74", 216.54, -1597.24, "T", "SMD", "GND", "GND", "O", 11.81, 62.99, 0],
		[316, "U1_72", 177.17, -1597.24, "T", "SMD", "307_SWDIO", "", "O", 11.81, 62.99, 0],
		[317, "U1_71", 157.48, -1597.24, "T", "SMD", "+1V3_EN", "", "O", 11.81, 62.99, 0],
		[318, "U1_70", 137.8, -1597.24, "T", "SMD", "307_PA11", "", "O", 11.81, 62.99, 0],
		[319, "U1_69", 118.11, -1597.24, "T", "SMD", "307_DVP_D1", "", "O", 11.81, 62.99, 0],
		[320, "U1_68", 98.43, -1597.24, "T", "SMD", "307_DVP_D0", "", "O", 11.81, 62.99, 0],
		[321, "U1_67", 78.74, -1597.24, "T", "SMD", "307_MCO", "", "O", 11.81, 62.99, 0],
		[322, "U1_66", 59.06, -1597.24, "T", "SMD", "307_DVP_D3", "", "O", 11.81, 62.99, 0],
		[323, "U1_65", 39.37, -1597.24, "T", "SMD", "307_DVP_D2", "", "O", 11.81, 62.99, 0],
		[324, "U1_64", 19.68, -1597.24, "T", "SMD", "307_T8CH2", "", "O", 11.81, 62.99, 0],
		[325, "U1_63", 0, -1597.24, "T", "SMD", "307_T8CH1", "", "O", 11.81, 62.99, 0],
		[326, "U1_62", -19.69, -1597.24, "T", "SMD", "307_T4CH4", "", "O", 11.81, 62.99, 0],
		[327, "U1_61", -39.37, -1597.24, "T", "SMD", "307_T4CH3", "", "O", 11.81, 62.99, 0],
		[328, "U1_60", -59.06, -1597.24, "T", "SMD", "307_T4CH2", "", "O", 11.81, 62.99, 0],
		[329, "U1_59", -78.74, -1597.24, "T", "SMD", "307_T4CH1", "", "O", 11.81, 62.99, 0],
		[330, "U1_58", -98.43, -1597.24, "T", "SMD", "307_PD11", "", "O", 11.81, 62.99, 0],
		[331, "U1_50", -297.24, -1536.22, "T", "SMD", "+2V8", "", "O", 62.99, 11.81, 0],
		[332, "U1_49", -297.24, -1516.54, "T", "SMD", "GND", "GND", "O", 62.99, 11.81, 0],
		[333, "U1_48", -297.24, -1496.85, "T", "SMD", "307_SDA2", "", "O", 62.99, 11.81, 0],
		[334, "U1_47", -297.24, -1477.17, "T", "SMD", "307_SCL2", "", "O", 62.99, 11.81, 0],
		[335, "U1_46", -297.24, -1457.48, "T", "SMD", "307_PE15", "", "O", 62.99, 11.81, 0],
		[336, "U1_45", -297.24, -1437.8, "T", "SMD", "307_PE14", "", "O", 62.99, 11.81, 0],
		[337, "U1_44", -297.24, -1418.11, "T", "SMD", "307_PE13", "", "O", 62.99, 11.81, 0],
		[338, "U1_43", -297.24, -1398.43, "T", "SMD", "307_PE12", "", "O", 62.99, 11.81, 0],
		[339, "U1_42", -297.24, -1378.74, "T", "SMD", "307_PE11", "", "O", 62.99, 11.81, 0],
		[340, "U1_41", -297.24, -1359.06, "T", "SMD", "307_PE10", "", "O", 62.99, 11.81, 0],
		[341, "U1_35", -297.24, -1240.94, "T", "SMD", "307_T3CH3", "", "O", 62.99, 11.81, 0],
		[342, "U1_34", -297.24, -1221.26, "T", "SMD", "307_U8RX", "", "O", 62.99, 11.81, 0],
		[343, "U1_33", -297.24, -1201.57, "T", "SMD", "307_U8TX", "", "O", 62.99, 11.81, 0],
		[344, "U1_31", -297.24, -1162.2, "T", "SMD", "307_PCLK", "", "O", 62.99, 11.81, 0],
		[345, "U1_30", -297.24, -1142.52, "T", "SMD", "307_VSYNC", "", "O", 62.99, 11.81, 0],
		[346, "U1_29", -297.24, -1122.83, "T", "SMD", "307_HSYNC", "", "O", 62.99, 11.81, 0],
		[347, "U1_28", -297.24, -1103.15, "T", "SMD", "+2V8", "", "O", 62.99, 11.81, 0],
		[348, "U1_27", -297.24, -1083.46, "T", "SMD", "GND", "GND", "O", 62.99, 11.81, 0],
		[349, "U1_26", -297.24, -1063.78, "T", "SMD", "307_U2RX", "", "O", 62.99, 11.81, 0],
		[350, "U1_25", -236.22, -1002.76, "T", "SMD", "307_U2TX", "", "O", 11.81, 62.99, 0],
		[351, "U1_23", -196.85, -1002.76, "T", "SMD", "307_ADC0", "", "O", 11.81, 62.99, 0],
		[352, "U1_22", -177.17, -1002.76, "T", "SMD", "+2V8", "", "O", 11.81, 62.99, 0],
		[353, "U1_21", -157.48, -1002.76, "T", "SMD", "+2V8", "", "O", 11.81, 62.99, 0],
		[354, "U1_20", -137.8, -1002.76, "T", "SMD", "GND", "GND", "O", 11.81, 62.99, 0],
		[355, "U1_19", -118.11, -1002.76, "T", "SMD", "GND", "GND", "O", 11.81, 62.99, 0],
		[356, "U1_18", -98.43, -1002.76, "T", "SMD", "203_U2TX", "", "O", 11.81, 62.99, 0],
		[357, "U1_17", -78.74, -1002.76, "T", "SMD", "203_U2RX", "", "O", 11.81, 62.99, 0],
		[358, "U1_16", -59.06, -1002.76, "T", "SMD", "307_U6RX", "", "O", 11.81, 62.99, 0],
		[359, "U1_15", -39.37, -1002.76, "T", "SMD", "307_U6TX", "", "O", 11.81, 62.99, 0],
		[360, "U1_14", -19.69, -1002.76, "T", "SMD", "$1N1212", "", "O", 11.81, 62.99, 0],
		[361, "U1_13", 0, -1002.76, "T", "SMD", "$1N2426", "", "O", 11.81, 62.99, 0],
		[362, "U1_12", 19.68, -1002.76, "T", "SMD", "$1N2429", "", "O", 11.81, 62.99, 0],
		[363, "U1_11", 39.37, -1002.76, "T", "SMD", "+2V8", "", "O", 11.81, 62.99, 0],
		[364, "U1_10", 59.06, -1002.76, "T", "SMD", "GND", "GND", "O", 11.81, 62.99, 0],
		[365, "U1_1", 236.22, -1002.76, "T", "SMD", "307_PE2", "", "O", 11.81, 62.99, 0],
		[366, "CN3_1", -175, -2150.79, "T", "DIP", "$3N2849", "", "C", 70.87, 70.87, 43.31],
		[367, "CN3_1", -175, -2150.79, "B", "DIP", "$3N2849", "", "C", 70.87, 70.87, 43.31],
		[368, "CN3_2", -175, -2249.21, "T", "DIP", "$3N2851", "", "C", 70.87, 70.87, 43.31],
		[369, "CN3_2", -175, -2249.21, "B", "DIP", "$3N2851", "", "C", 70.87, 70.87, 43.31],
		[370, "CN4_1", 175, -2249.21, "T", "DIP", "$3N2845", "", "C", 70.87, 70.87, 43.31],
		[371, "CN4_1", 175, -2249.21, "B", "DIP", "$3N2845", "", "C", 70.87, 70.87, 43.31],
		[372, "CN4_2", 175, -2150.79, "T", "DIP", "$3N2843", "", "C", 70.87, 70.87, 43.31],
		[373, "CN4_2", 175, -2150.79, "B", "DIP", "$3N2843", "", "C", 70.87, 70.87, 43.31],
		[374, "CN5_1", -590.2, 684.8, "T", "DIP", "$3N3067", "", "R", 70.87, 70.87, 43.31],
		[375, "CN5_1", -590.2, 684.8, "B", "DIP", "$3N3067", "", "R", 70.87, 70.87, 43.31],
		[376, "CN5_2", -659.8, 615.2, "T", "DIP", "$3N3065", "", "C", 70.87, 70.87, 43.31],
		[377, "CN5_2", -659.8, 615.2, "B", "DIP", "$3N3065", "", "C", 70.87, 70.87, 43.31],
		[378, "CN7_1", -925.79, -350, "T", "DIP", "GND", "GND", "R", 70.87, 70.87, 43.31],
		[379, "CN7_1", -925.79, -350, "B", "DIP", "GND", "GND", "R", 70.87, 70.87, 43.31],
		[380, "CN7_2", -1024.21, -350, "T", "DIP", "VBAT", "", "C", 70.87, 70.87, 43.31],
		[381, "CN7_2", -1024.21, -350, "B", "DIP", "VBAT", "", "C", 70.87, 70.87, 43.31],
		[382, "CN1_5", 550, -1151.58, "T", "DIP", "GND", "GND", "C", 39.37, 39.37, 23.62],
		[383, "CN1_5", 550, -1151.58, "B", "DIP", "GND", "GND", "C", 39.37, 39.37, 23.62],
		[384, "CN1_4", 550, -1200.79, "T", "DIP", "203_SCL1", "", "C", 39.37, 39.37, 23.62],
		[385, "CN1_4", 550, -1200.79, "B", "DIP", "203_SCL1", "", "C", 39.37, 39.37, 23.62],
		[386, "CN1_3", 550, -1250, "T", "DIP", "203_SDA1", "", "C", 39.37, 39.37, 23.62],
		[387, "CN1_3", 550, -1250, "B", "DIP", "203_SDA1", "", "C", 39.37, 39.37, 23.62],
		[388, "CN1_2", 550, -1299.21, "T", "DIP", "203_EXTI8", "", "C", 39.37, 39.37, 23.62],
		[389, "CN1_2", 550, -1299.21, "B", "DIP", "203_EXTI8", "", "C", 39.37, 39.37, 23.62],
		[390, "CN1_1", 550, -1348.42, "T", "DIP", "+2V8", "", "R", 39.37, 39.37, 23.62],
		[391, "CN1_1", 550, -1348.42, "B", "DIP", "+2V8", "", "R", 39.37, 39.37, 23.62],
		[392, "CN2_5", 700, -1151.58, "T", "DIP", "GND", "GND", "C", 39.37, 39.37, 23.62],
		[393, "CN2_5", 700, -1151.58, "B", "DIP", "GND", "GND", "C", 39.37, 39.37, 23.62],
		[394, "CN2_4", 700, -1200.79, "T", "DIP", "203_SCL2", "", "C", 39.37, 39.37, 23.62],
		[395, "CN2_4", 700, -1200.79, "B", "DIP", "203_SCL2", "", "C", 39.37, 39.37, 23.62],
		[396, "CN2_3", 700, -1250, "T", "DIP", "203_SDA2", "", "C", 39.37, 39.37, 23.62],
		[397, "CN2_3", 700, -1250, "B", "DIP", "203_SDA2", "", "C", 39.37, 39.37, 23.62],
		[398, "CN2_2", 700, -1299.21, "T", "DIP", "203_EXTI2", "", "C", 39.37, 39.37, 23.62],
		[399, "CN2_2", 700, -1299.21, "B", "DIP", "203_EXTI2", "", "C", 39.37, 39.37, 23.62],
		[400, "CN2_1", 700, -1348.42, "T", "DIP", "+2V8", "", "R", 39.37, 39.37, 23.62],
		[401, "CN2_1", 700, -1348.42, "B", "DIP", "+2V8", "", "R", 39.37, 39.37, 23.62],
		[402, "CN6_5", -744.6, -505.4, "T", "DIP", "VBUS", "", "C", 39.37, 39.37, 23.62],
		[403, "CN6_5", -744.6, -505.4, "B", "DIP", "VBUS", "", "C", 39.37, 39.37, 23.62],
		[404, "CN6_4", -709.8, -540.2, "T", "DIP", "DM", "", "C", 39.37, 39.37, 23.62],
		[405, "CN6_4", -709.8, -540.2, "B", "DIP", "DM", "", "C", 39.37, 39.37, 23.62],
		[406, "CN6_3", -675, -575, "T", "DIP", "DP", "", "C", 39.37, 39.37, 23.62],
		[407, "CN6_3", -675, -575, "B", "DIP", "DP", "", "C", 39.37, 39.37, 23.62],
		[408, "CN6_2", -640.2, -609.8, "T", "DIP", "USB_ID", "", "C", 39.37, 39.37, 23.62],
		[409, "CN6_2", -640.2, -609.8, "B", "DIP", "USB_ID", "", "C", 39.37, 39.37, 23.62],
		[410, "CN6_1", -605.4, -644.6, "T", "DIP", "GND", "GND", "R", 39.37, 39.37, 23.62],
		[411, "CN6_1", -605.4, -644.6, "B", "DIP", "GND", "GND", "R", 39.37, 39.37, 23.62],
		[412, "D1_2", -1075, -761.61, "T", "SMD", "VIN", "", "R", 78.74, 78.74, 0],
		[413, "D1_1", -1075, -588.39, "T", "SMD", "VBAT", "", "R", 78.74, 78.74, 0],
		[414, "Q1_2", -987.4, -682.39, "T", "SMD", "VBAT", "", "R", 39.37, 31.5, 0],
		[415, "Q1_3", -950, -772.94, "T", "SMD", "VIN", "", "R", 39.37, 31.5, 0],
		[416, "Q1_1", -912.6, -682.39, "T", "SMD", "$4N7977", "", "R", 39.37, 31.5, 0],
		[417, "Q2_2", -987.4, -532.39, "T", "SMD", "VBAT", "", "R", 39.37, 31.5, 0],
		[418, "Q2_3", -950, -622.94, "T", "SMD", "VIN", "", "R", 39.37, 31.5, 0],
		[419, "Q2_1", -912.6, -532.39, "T", "SMD", "$4N7977", "", "R", 39.37, 31.5, 0],
		[420, "R30_2", -967.04, -475, "T", "SMD", "VBAT", "", "R", 22.27, 21.26, 0],
		[421, "R30_1", -932.96, -475, "T", "SMD", "$4N7977", "", "R", 22.27, 21.26, 0],
		[422, "SW1_1", -1050, -1098.42, "T", "DIP", "GND", "GND", "R", 60, 60, 31.5],
		[423, "SW1_1", -1050, -1098.42, "B", "DIP", "GND", "GND", "R", 60, 60, 31.5],
		[424, "SW1_2", -1050, -1000, "T", "DIP", "$4N7977", "", "C", 60, 60, 31.5],
		[425, "SW1_2", -1050, -1000, "B", "DIP", "$4N7977", "", "C", 60, 60, 31.5],
		[426, "SW1_3", -1050, -901.58, "T", "DIP", "$4N7977", "", "C", 60, 60, 31.5],
		[427, "SW1_3", -1050, -901.58, "B", "DIP", "$4N7977", "", "C", 60, 60, 31.5],
		[428, "C38_2", -375, -1678.54, "T", "SMD", "+1V3", "", "R", 31.11, 21.26, 0],
		[429, "C38_1", -375, -1721.46, "T", "SMD", "GND", "GND", "R", 31.11, 21.26, 0]
	]
}
}